"doi","study.year","latitude","longitude","elevation","MAT","MAP","soil.ph","litter.species","duration","nf","nc","kf","kc","sdf","sdc","yi","vi","invert.effect","weight","Region"
"10.1111/btp.12740",2011,12,-86.167,"40",26,3500,6.57,"Mixture",0.739726027,3,3,0.86286,1.244285,0.042989501,0.064484252,0.366063894,0.001722668,0.306541508,1.5,"Americas"
"10.1111/btp.12740",2011,12,-86.167,"507",26,3500,6.57,"Mixture",0.739726027,9,9,1.41839,1.91625,0.12483,0.12483,0.300847726,0.001332116,0.259809524,4.5,"Americas"
"10.1098/rspb.2019.1300",2015,4.081,-52.687,"#VALUE!",25.5,2900,NA,"Mixture",0.58,5,5,0.999687061,2.07581518,0.099180821,0.190107902,0.730666922,0.003646062,0.518412299,2.5,"Americas"
"10.1126/science.aau9565",2015,4.743,116.969,"437",24.9,2484,4.83,"Shorea johorensis",0.31,9,9,1.751363113,1.547258085,0.27050332,0.262795356,-0.123910019,0.005855927,-0.131914016,4.5,"Asia"
"10.1002/ecs2.1692",2014,-0.6859,-76.397,"250",24.9,2826,4.6,"Nectandra viburnoides ",0.285,10,10,0.97056231,1.005483155,0.196610507,0.084958459,0.035347852,0.004817558,0.034730413,5,"Americas"
"10.1002/ecs2.1692",2014,-0.6859,-76.397,"250",24.9,2826,4.6,"Miconia purpono",0.285,10,10,1.312162951,1.654754072,0.098651511,0.549218309,0.231975518,0.011581218,0.207034463,5,"Americas"
"10.1002/ecs2.1692",2014,-0.6859,-76.397,"250",24.9,2826,4.6,"Pseudolmedia laevis",0.285,10,10,1.941397493,2.091873062,0.310254831,0.224311577,0.074651796,0.003703753,0.071933413,5,"Americas"
"10.1002/ecs2.1692",2014,-0.6859,-76.397,"250",24.9,2826,4.6,"Inga capitata",0.285,10,10,2.356151272,2.600567178,0.315178343,0.161053069,0.098700096,0.002172928,0.093985615,5,"Americas"
"10.1002/ecs2.1692",2014,-0.6859,-76.397,"250",24.9,2826,4.6,"Neea comun",0.285,10,10,2.406017083,2.559576385,0.238705451,0.270814017,0.061869052,0.002103753,0.05999403,5,"Americas"
"10.1002/ecs2.1692",2014,-0.6859,-76.397,"250",24.9,2826,4.6,"Matisia malacocalyx",0.285,10,10,2.480426716,2.60838034,0.768432721,0.983633234,0.050298861,0.023818334,0.049054818,5,"Americas"
"10.1002/ecs2.1692",2014,-0.6859,-76.397,"250",24.9,2826,4.6,"Siparuna decipiens ",0.285,10,10,2.693829561,2.717499636,0.341153897,0.297291902,0.008748396,0.002800653,0.00871024,5,"Americas"
"10.1002/ecs2.1692",2014,-0.6859,-76.397,"250",24.9,2826,4.6,"Leonia glycycarpa",0.285,10,10,2.562561304,3.266660915,0.212020362,0.302541261,0.242761069,0.001542303,0.215541077,5,"Americas"
"10.1890/ES15-00112.1",2011,21.883,101.3,"1100",22.3,1100,4.7,"Dipterocarpus retusus ",1,3,3,0.328031956,0.389316206,0.106559356,0.124235733,0.171280852,0.069118934,0.157415101,1.5,"Asia"
"10.1890/ES15-00112.1",2011,21.883,101.3,"1100",22.3,1100,4.7,"Parashorea chinensis ",1,3,3,0.692887214,0.727738625,0.068742635,0.066647968,0.049074717,0.00607677,0.047890011,1.5,"Asia"
"10.1890/ES15-00112.1",2011,21.883,101.3,"1100",20.6,1800,4.7,"Dipterocarpus retusus ",1,3,3,0.541594157,0.693147181,0.316651785,0.063480004,0.246725426,0.116740618,0.218644796,1.5,"Asia"
"10.1890/ES15-00112.1",2011,21.883,101.3,"1100",20.6,1800,4.7,"Parashorea chinensis ",1,3,3,1.30486185,1.522434869,0.129457782,0.139428067,0.154213768,0.00607677,0.142911216,1.5,"Asia"
"10.1890/ES15-00112.1",2011,21.883,101.3,"1100",21.5,1100,4.7,"Dipterocarpus retusus ",1,3,3,0.288157245,0.364510106,0.074353098,0.108051684,0.235047956,0.051483314,0.209467062,1.5,"Asia"
"10.1890/ES15-00112.1",2011,21.883,101.3,"1100",21.5,1100,4.7,"Parashorea chinensis ",1,3,3,0.595895462,0.697431881,0.227843862,0.279761862,0.157339595,0.10236737,0.145586145,1.5,"Asia"
"10.1890/ES15-00112.1",2011,21.883,101.3,"1100",21.5,1800,4.7,"Dipterocarpus retusus ",1,3,3,0.455614892,0.629968279,0.202593991,0.057693936,0.32402155,0.068703455,0.276765343,1.5,"Asia"
"10.1890/ES15-00112.1",2011,21.883,101.3,"1100",21.5,1800,4.7,"Parashorea chinensis ",1,3,3,1.050857857,1.386294361,0.104257572,0.126960008,0.277027423,0.00607677,0.24196629,1.5,"Asia"
"10.1111/j.1461-0248.2012.01826.x",2007,5.3,-52.917,"45",25.1,2905,4.58,"Alnus glutinosa",0.68,5,5,0.464,0.434,0.087206651,0.328701993,-0.066840018,0.121788938,-0.069124424,2.5,"Americas"
"10.1111/j.1461-0248.2012.01826.x",2007,5.3,-52.917,"45",25.1,2905,4.58,"Alnus glutinosa",0.68,5,5,0.434,0.454,0.219134662,0.241495342,0.045052664,0.107578047,0.044052863,2.5,"Americas"
"10.1111/j.1461-0248.2012.01826.x",2007,5.3,-52.917,"45",25.1,2905,4.58,"Alnus glutinosa",0.68,5,5,0.513,0.513,0.109567331,0.283980633,0,0.070411029,0,2.5,"Americas"
"10.1111/j.1461-0248.2012.01826.x",2007,5.3,-52.917,"45",25.1,2905,4.58,"Populus tremula",0.68,5,5,0.846,3.926,0.17664937,3.575472696,1.534857015,0.174600822,0.7845135,2.5,"Americas"
"10.1111/j.1461-0248.2012.01826.x",2007,5.3,-52.917,"45",25.1,2905,4.58,"Sorbus aucuparia",0.68,5,5,0.827,2.327,0.348826604,2.982914682,1.034530468,0.364221484,0.64460679,2.5,"Americas"
"10.1111/j.1461-0248.2012.01826.x",2007,5.3,-52.917,"45",25.1,2905,4.58,"Ilex aquifolium",0.68,5,5,0.885,1.062,0.219134662,0.789331996,0.182321557,0.122746373,0.166666667,2.5,"Americas"
"10.1111/j.1461-0248.2012.01826.x",2007,5.3,-52.917,"45",25.1,2905,4.58,"Fraxinus angustifolia",0.68,5,5,1.052,1.023,0.196773982,0.371187284,-0.027953627,0.033328206,-0.028347996,2.5,"Americas"
"10.1111/j.1461-0248.2012.01826.x",2007,5.3,-52.917,"45",25.1,2905,4.58,"Vochysia densiflora",0.68,5,5,1.199,3.171,0.263856021,1.797798654,0.97255912,0.073972055,0.62188584,2.5,"Americas"
"10.1111/j.1461-0248.2012.01826.x",2007,5.3,-52.917,"45",25.1,2905,4.58,"Diplotropis purpurea",0.68,5,5,1.611,3.367,0.878774715,2.457438707,0.737167036,0.166049689,0.521532522,2.5,"Americas"
"10.1111/j.1461-0248.2012.01826.x",2007,5.3,-52.917,"45",25.1,2905,4.58,"Eperua falcata",0.68,5,5,1.592,3.7,0.174413302,1.471332729,0.843341732,0.034026804,0.56972973,2.5,"Americas"
"10.1111/j.1461-0248.2012.01826.x",2007,5.3,-52.917,"45",25.1,2905,4.58,"Vaccinium vitisidaea",0.68,5,5,1.592,5.172,0.525475975,2.455202639,1.178268373,0.066859626,0.692188708,2.5,"Americas"
"10.1111/j.1461-0248.2012.01826.x",2007,5.3,-52.917,"45",25.1,2905,4.58,"Pistacia terebinthus",0.68,5,5,1.778,3.749,0.395784032,1.229837388,0.746000001,0.031432802,0.525740197,2.5,"Americas"
"10.1111/j.1461-0248.2012.01826.x",2007,5.3,-52.917,"45",25.1,2905,4.58,"Qualea rosea",0.68,5,5,2.445,3.71,0.460630003,1.491457341,0.416986754,0.039421084,0.34097035,2.5,"Americas"
"10.1111/j.1461-0248.2012.01826.x",2007,5.3,-52.917,"45",25.1,2905,4.58,"Fagus sylvatica",0.68,5,5,2.357,3.514,0.592558014,1.249961999,0.399365366,0.037946544,0.329254411,2.5,"Americas"
"10.1111/j.1461-0248.2012.01826.x",2007,5.3,-52.917,"45",25.1,2905,4.58,"Quercus ilex",0.68,5,5,2.739,5.643,0.746846704,1.929726665,0.722822949,0.038258381,0.514619883,2.5,"Americas"
"10.1111/j.1461-0248.2012.01826.x",2007,5.3,-52.917,"45",25.1,2905,4.58,"Salix cinerea",0.68,5,5,3.112,3.897,1.929726665,0.986105978,0.22494142,0.089708931,0.201437003,2.5,"Americas"
"10.1007/s11258-012-0089-2",2003,-22.55,-50.367,"670",21,1400,5.35,"Laurus nobilis",0.75,3,3,1.68265,2.01845,0.166938851,0.184854267,0.181959959,0.00607677,0.16636528,1.5,"Americas"
"10.1007/s11258-012-0089-2",2003,-22.55,-50.367,"670",21,1400,5.35,"Laurus nobilis",0.75,3,3,2.1827,2.2265,0.216549746,0.203907962,0.019868203,0.00607677,0.019672131,1.5,"Americas"
"10.1007/s10021-012-9564-9",2009,5.3,-52.883,"29",25.7,3041,4.4,"Mixture",0.43,20,20,0.971959604,1.599168279,0.110789221,0.376221578,0.497924704,0.003417016,0.392209302,10,"Americas"
"10.1016/j.soilbio.2010.10.005",2008,19.335,-155.15,"1125",22.4,3750,5.93,"Mixture",1,5,5,0.613707732,0.756576983,0.000462731,0.000535524,0.209285482,2.14e-07,0.18883637,2.5,"Americas"
"10.1111/j.1365-2745.2010.01671.x",2004,5.3,-52.917,"45",25.8,2914,4.8,"Dicorynia guianensis",0.56,4,4,0.736507869,0.597286111,0.128713353,0.129741482,-0.209523674,0.01943136,-0.233090567,2,"Americas"
"10.1111/j.1365-2745.2010.01671.x",2004,5.3,-52.917,"45",25.8,2914,4.8,"Eperua falcata",0.56,4,4,1.22010046,1.444535176,0.084843704,0.385908567,0.168854393,0.019051266,0.155368121,2,"Americas"
"10.1111/j.1365-2745.2010.01671.x",2004,5.3,-52.917,"45",25.8,2914,4.8,"Caryocar glabrum",0.56,4,4,1.206081248,1.825171055,0.302957191,0.325026701,0.414297246,0.023702408,0.339195499,2,"Americas"
"10.1111/j.1365-2745.2010.01671.x",2004,5.3,-52.917,"45",25.8,2914,4.8,"Platonia insignis",0.56,4,4,1.137657607,2.471957783,0.236303761,0.178023833,0.776039044,0.012082568,0.539774662,2,"Americas"
"10.1111/j.1365-2745.2010.01671.x",2004,5.3,-52.917,"45",25.8,2914,4.8,"Mixture",0.56,4,4,1.144389968,0.958956441,0.234291479,0.048814948,-0.176781342,0.01112645,-0.193370125,2,"Americas"
"10.1111/j.1365-2745.2010.01671.x",2004,5.3,-52.917,"45",25.8,2914,4.8,"Mixture",0.56,4,4,0.977258706,1.22010046,0.21264845,0.087868394,0.221937065,0.013133726,0.199034229,2,"Americas"
"10.1111/j.1365-2745.2010.01671.x",2004,5.3,-52.917,"45",25.8,2914,4.8,"Mixture",0.56,4,4,0.971126831,1.255601629,0.098435438,0.090425094,0.256913044,0.003865192,0.226564534,2,"Americas"
"10.1111/j.1365-2745.2010.01671.x",2004,5.3,-52.917,"45",25.8,2914,4.8,"Mixture",0.56,4,4,1.227151556,1.452532695,0.200517285,0.408539256,0.168613043,0.026451726,0.155164245,2,"Americas"
"10.1111/j.1365-2745.2010.01671.x",2004,5.3,-52.917,"45",25.8,2914,4.8,"Mixture",0.56,4,4,1.358924728,1.551320411,0.185882772,0.284289276,0.132412701,0.013073368,0.124020597,2,"Americas"
"10.1111/j.1365-2745.2010.01671.x",2004,5.3,-52.917,"45",25.8,2914,4.8,"Mixture",0.56,4,4,1.270016649,1.94768508,0.043819892,0.140267106,0.427611519,0.001594246,0.34793532,2,"Americas"
"10.1111/j.1365-2745.2010.01671.x",2004,5.3,-52.917,"45",25.8,2914,4.8,"Mixture",0.56,4,4,1.078247305,1.164740694,0.131066641,0.37533073,0.077161625,0.029654224,0.074259781,2,"Americas"
"10.1111/j.1365-2745.2010.01671.x",2004,5.3,-52.917,"45",25.8,2914,4.8,"Mixture",0.56,4,4,1.084758964,1.32879417,0.279530512,0.329926336,0.202914083,0.032012896,0.183651623,2,"Americas"
"10.1111/j.1365-2745.2010.01671.x",2004,5.3,-52.917,"45",25.8,2914,4.8,"Mixture",0.56,4,4,1.039700214,1.501243509,0.180678325,0.289202456,0.367361355,0.016827536,0.30744066,2,"Americas"
"10.1111/j.1365-2745.2010.01671.x",2004,5.3,-52.917,"45",25.8,2914,4.8,"Mixture",0.56,4,4,1.255601629,1.444535176,0.116241193,0.104031586,0.140172749,0.0034393,0.130791932,2,"Americas"
"10.1111/j.1365-2745.2010.01671.x",2004,5.3,-52.917,"45",25.8,2914,4.8,"Mixture",0.56,4,4,1.008206548,1.517752413,0.114670123,0.342443823,0.409057507,0.015960741,0.33572397,2,"Americas"
"10.1890/09-1076.1",2005,5.3,-52.917,"40",25.8,2900,4.7,"Platonia insignis",0.855,4,4,0.738714188,2.039563527,0.25976357,0.186787892,1.015580016,0.033010004,0.637807708,2,"Americas"
"10.1890/09-1076.1",2005,5.3,-52.917,"40",25.8,2900,4.7,"Qualea rosea",0.855,4,4,0.860785003,2.039563527,0.081419135,0.163852607,0.86264634,0.003850191,0.577956268,2,"Americas"
"10.1890/09-1076.1",2005,5.3,-52.917,"40",25.8,2900,4.7,"Goupia glabra",0.855,4,4,0.878447892,3.202874694,0.120614792,0.29332659,1.293647436,0.006809956,0.725731421,2,"Americas"
"10.1890/09-1076.1",2005,5.3,-52.917,"40",25.8,2900,4.7,"Symphonia sp.",0.855,4,4,0.990531701,1.992431387,0.098272501,0.182471423,0.698869104,0.004557578,0.502852792,2,"Americas"
"10.1890/09-1076.1",2005,5.3,-52.917,"40",25.8,2900,4.7,"Protium sagotianum",0.855,4,4,0.70752615,0.945655656,0.12490495,0.16840725,0.290103913,0.015719961,0.251814183,2,"Americas"
"10.1890/09-1076.1",2005,5.3,-52.917,"40",25.8,2900,4.7,"Peltogyne venosa",0.855,4,4,0.884411908,1.25316307,0.15914413,0.240686115,0.348503177,0.017316949,0.294256327,2,"Americas"
"10.1890/09-1076.1",2005,5.3,-52.917,"40",25.8,2900,4.7,"Caryocar glabrum",0.855,4,4,0.798157743,1.731496178,0.146008754,0.15857438,0.774434906,0.010462877,0.539035804,2,"Americas"
"10.1890/09-1076.1",2005,5.3,-52.917,"40",25.8,2900,4.7,"Dicorynia guianensis",0.855,4,4,0.662260387,0.914620178,0.099647783,0.351128615,0.322850061,0.042506064,0.275917585,2,"Americas"
"10.1890/09-1076.1",2005,5.3,-52.917,"40",25.8,2900,4.7,"Eperua falcata",0.855,4,4,1.044003549,1.22886507,0.097252885,0.291394541,0.163028147,0.016226465,0.150432725,2,"Americas"
"10.1890/09-1076.1",2005,5.3,-52.917,"40",25.8,2900,4.7,"Vochysia tomentosa",0.855,4,4,0.25748309,0.581234611,0.188792896,0.160006617,0.814200433,0.153350323,0.557006611,2,"Americas"
"10.1890/09-1076.1",2005,5.3,-52.917,"40",25.8,2900,4.7,"Hymenaea courbaril",0.855,4,4,1.092899701,1.261352962,0.114956814,0.259799778,0.143350484,0.0133718,0.133549661,2,"Americas"
"10.1890/09-1076.1",2005,5.3,-52.917,"40",25.8,2900,4.7,"Simarouba amara",0.855,4,4,0.738714188,0.933147663,0.171023825,0.194213502,0.233652364,0.024229106,0.208363031,2,"Americas"
"10.1890/09-1076.1",2005,5.3,-52.917,"40",25.8,2900,4.7,"Carapa procera",0.855,4,4,0.849148156,0.896406787,0.231953505,0.283667549,0.054160636,0.043689211,0.052720073,2,"Americas"
"10.1890/09-1076.1",2005,5.3,-52.917,"40",25.8,2900,4.7,"Virola surinamensis",0.855,4,4,1.364609646,1.834376542,0.366682056,0.167996399,0.295836251,0.020147878,0.256090767,2,"Americas"
"10.1890/09-1076.1",2005,5.3,-52.917,"40",25.8,2900,4.7,"Diplotropis purpurea",0.855,4,4,0.765366213,1.518246024,0.143942941,0.139044443,0.684956587,0.010939474,0.495887886,2,"Americas"
"10.1890/09-1076.1",2005,5.3,-52.917,"40",25.8,2900,4.7,"Sterculia pruriens",0.855,4,4,1.016962071,1.166477322,0.149244543,0.171719609,0.13716855,0.01080213,0.128176732,2,"Americas"
"10.1016/j.soilbio.2008.12.028",2021,21.933,101.183,"700",21.5,1550,4.5,"Mixture",1,10,10,0.832,1.109,0.126491106,0.316227766,0.287381547,0.010442258,0.249774572,5,"Asia"
"10.1016/j.soilbio.2008.12.028",2021,21.933,101.183,"700",21.5,1550,4.5,"Mixture",1,10,10,0.494,2.123,0.316227766,2.055480479,1.458049945,0.134717944,0.76731041,5,"Asia"
"10.1017/S0266467409990150",2001,-13.076,-52.386,"372",25.1,1500,4.95,"Mixture",0.67,10,12,1.605605234,1.701347975,0.19072166,0.122526562,0.057920085,0.001843193,0.056274638,5.454545455,"Americas"
"10.1111/j.1365-2745.2009.01515.x",2003,21.2,-89.55,"5",26,760,7.5,"Laurus nobilis",0.74,3,3,0.661,0.783,0.065579045,0.071708931,0.169378856,0.00607677,0.155810983,1.5,"Americas"
"10.1111/j.1365-2745.2009.01515.x",2003,-22.717,-49.217,"670",21.4,1303,6.1,"Laurus nobilis",0.74,3,3,1.03,0.778,0.102188225,0.071251019,-0.280587557,0.00607677,-0.323907455,1.5,"Americas"
"10.1111/j.1365-2745.2009.01515.x",2003,12.917,77.25,"1200",21,1438,6.93,"Laurus nobilis",0.74,3,3,0.677,2.478,0.067166435,0.226940907,1.297535789,0.00607677,0.726795803,1.5,"Asia"
"10.1111/j.1365-2745.2009.01515.x",2003,15.633,99.2,"600",23.5,1475,6.64,"Laurus nobilis",0.74,3,3,0.886,1.245,0.087901716,0.114019947,0.340173858,0.00607677,0.288353414,1.5,"Asia"
"10.1111/j.1365-2745.2009.01515.x",2003,10.833,-85.667,"320",25,1500,6.3,"Laurus nobilis",0.74,3,3,1.086,1.862,0.107744089,0.170526219,0.539149957,0.00607677,0.416756176,1.5,"Americas"
"10.1111/j.1365-2745.2009.01515.x",2003,4.867,-74.367,"2800",11,1500,4.65,"Laurus nobilis",0.74,3,3,0.758,0.893,0.075202596,0.081782982,0.163903195,0.00607677,0.151175812,1.5,"Americas"
"10.1111/j.1365-2745.2009.01515.x",2003,-15.783,-62.917,"400",23.6,1580,5.45,"Laurus nobilis",0.74,3,3,1.141,6.381,0.113200742,0.584386574,1.721419754,0.00607677,0.821187902,1.5,"Americas"
"10.1111/j.1365-2745.2009.01515.x",2003,10.35,-85.35,"34",27,1700,NA,"Laurus nobilis",0.74,3,3,0.975,1.478,0.096731572,0.13535862,0.416007631,0.00607677,0.340324763,1.5,"Americas"
"10.1111/j.1365-2745.2009.01515.x",2003,8.933,-79.55,"140",26.2,1870,NA,"Laurus nobilis",0.74,3,3,1.181,1.447,0.117169217,0.132519569,0.20313091,0.00607677,0.183828611,1.5,"Americas"
"10.1111/j.1365-2745.2009.01515.x",2003,9.15,-79.85,"120",26,2640,5.6,"Laurus nobilis",0.74,3,3,1.659,4.081,0.16459249,0.373747314,0.900127045,0.00607677,0.59348199,1.5,"Americas"
"10.1111/j.1365-2745.2009.01515.x",2003,4.083,-52.7,"110",25.8,2960,4.7,"Laurus nobilis",0.74,3,3,1.448,3.667,0.143658786,0.335832247,0.929190595,0.00607677,0.605126807,1.5,"Americas"
"10.1111/j.1365-2745.2009.01515.x",2003,8.667,77.5,"1200",20,3000,6.25,"Laurus nobilis",0.74,3,3,1.141,1.671,0.113200742,0.153034002,0.381517179,0.00607677,0.317175344,1.5,"Asia"
"10.1111/j.1365-2745.2009.01515.x",2003,8.933,-79.55,"80",25.8,3020,NA,"Laurus nobilis",0.74,3,3,1.246,2.316,0.123617988,0.212104577,0.619903139,0.00607677,0.462003454,1.5,"Americas"
"10.1111/j.1365-2745.2009.01515.x",2003,-5.133,145.783,"50",26.5,3588,6.2,"Laurus nobilis",0.74,3,3,8.001,13.258,0.79379416,1.214197962,0.50503461,0.00607677,0.396515312,1.5,"Asia"
"10.1111/j.1365-2745.2009.01515.x",2003,19.417,-154.95,"245",23,3600,5.93,"Laurus nobilis",0.74,3,3,0.882,0.99,0.087504868,0.090666464,0.115512887,0.00607677,0.109090909,1.5,"Americas"
"10.1111/j.1365-2745.2009.01515.x",2003,-0.1,114,"200",25.1,3834,5.17,"Laurus nobilis",0.74,3,3,1.221,1.487,0.121137692,0.136182861,0.197090472,0.00607677,0.178883658,1.5,"Asia"
"10.1111/j.1365-2745.2009.01515.x",2003,10.433,-83.983,"120",26,4000,4.9,"Laurus nobilis",0.74,3,3,3.972,7.971,0.394069542,0.73000241,0.696540209,0.00607677,0.501693639,1.5,"Americas"
"10.1111/j.1365-2745.2009.01515.x",2003,8.483,-83.6,"30",26,5797,5.15,"Laurus nobilis",0.74,3,3,5.668,9.333,0.562332871,0.854737485,0.498720185,0.00607677,0.392692596,1.5,"Americas"
"10.1111/j.1365-2745.2009.01515.x",2003,21.2,-89.55,"5",26,760,7.5,"Laurus nobilis",0.74,3,3,0.799,0.617,0.079270283,0.056506271,-0.258491922,0.00607677,-0.294975689,1.5,"Americas"
"10.1111/j.1365-2745.2009.01515.x",2003,-22.717,-49.216,"670",21.4,1303,6.1,"Laurus nobilis",0.74,3,3,2.11,1.837,0.209337043,0.168236661,-0.138554141,0.00607677,-0.148611867,1.5,"Americas"
"10.1111/j.1365-2745.2009.01515.x",2003,12.917,77.25,"1200",21,1438,6.93,"Laurus nobilis",0.74,3,3,0.991,2.909,0.098318962,0.266412873,1.076850124,0.00607677,0.659333104,1.5,"Asia"
"10.1111/j.1365-2745.2009.01515.x",2003,15.633,99.2,"600",23.5,1475,6.64,"Laurus nobilis",0.74,3,3,0.783,4.847,0.077682893,0.443899345,1.82298254,0.00607677,0.838456777,1.5,"Asia"
"10.1111/j.1365-2745.2009.01515.x",2003,10.833,-85.667,"320",25,1500,6.3,"Laurus nobilis",0.74,3,3,1.151,1.665,0.114192861,0.152484508,0.369193994,0.00607677,0.308708709,1.5,"Americas"
"10.1111/j.1365-2745.2009.01515.x",2003,4.867,-74.367,"2800",11,1500,4.65,"Laurus nobilis",0.74,3,3,1.47,1.897,0.145841447,0.173731599,0.25501129,0.00607677,0.225092251,1.5,"Americas"
"10.1111/j.1365-2745.2009.01515.x",2003,-15.783,-62.917,"400",23.6,1580,5.45,"Laurus nobilis",0.74,3,3,1.566,2.389,0.155365786,0.218790084,0.422350271,0.00607677,0.344495605,1.5,"Americas"
"10.1111/j.1365-2745.2009.01515.x",2003,10.35,-85.35,"34",27,1700,7.1,"Laurus nobilis",0.74,3,3,1.183,2.391,0.117367641,0.218973248,0.703658103,0.00607677,0.505227938,1.5,"Americas"
"10.1111/j.1365-2745.2009.01515.x",2003,8.933,-79.55,"140",26.2,1870,NA,"Laurus nobilis",0.74,3,3,2.589,4.735,0.256859528,0.433642129,0.603710026,0.00607677,0.453220697,1.5,"Americas"
"10.1111/j.1365-2745.2009.01515.x",2003,9.15,-79.85,"120",26,2640,5.6,"Laurus nobilis",0.74,3,3,4.027,4.829,0.399526195,0.442250864,0.181617725,0.00607677,0.166079934,1.5,"Americas"
"10.1111/j.1365-2745.2009.01515.x",2003,4.083,-52.7,"110",25.8,2960,4.7,"Laurus nobilis",0.74,3,3,2.909,7.291,0.288607326,0.667726455,0.918831331,0.00607677,0.60101495,1.5,"Americas"
"10.1111/j.1365-2745.2009.01515.x",2003,8.667,77.5,"1200",20,3000,6.25,"Laurus nobilis",0.74,3,3,1.694,1.882,0.168064905,0.172357864,0.105242445,0.00607677,0.09989373,1.5,"Asia"
"10.1111/j.1365-2745.2009.01515.x",2003,8.933,-79.55,"80",25.8,3020,NA,"Laurus nobilis",0.74,3,3,2.589,2.461,0.256859528,0.225384008,-0.050703929,0.00607677,-0.052011377,1.5,"Americas"
"10.1111/j.1365-2745.2009.01515.x",2003,-5.133,145.783,"50",26.5,3588,6.2,"Laurus nobilis",0.74,3,3,8.406,13.053,0.833974967,1.195423593,0.440072256,0.00607677,0.356010113,1.5,"Asia"
"10.1111/j.1365-2745.2009.01515.x",2003,19.417,-154.95,"245",23,3600,5.93,"Laurus nobilis",0.74,3,3,1.023,1.281,0.101493742,0.11731691,0.224901536,0.00607677,0.201405152,1.5,"Americas"
"10.1111/j.1365-2745.2009.01515.x",2003,-0.1,114,"200",25.1,3834,5.17,"Laurus nobilis",0.74,3,3,1.566,4.58,0.155365786,0.419446875,1.073174401,0.00607677,0.658078603,1.5,"Asia"
"10.1111/j.1365-2745.2009.01515.x",2003,10.433,-83.983,"120",26,4000,4.9,"Laurus nobilis",0.74,3,3,5.498,9.586,0.545466853,0.877907804,0.555919311,0.00607677,0.426455247,1.5,"Americas"
"10.1111/j.1365-2745.2009.01515.x",2003,8.483,-83.65,"30",26,5797,NA,"Laurus nobilis",0.74,3,3,3.324,11.628,0.329780251,1.064918834,1.252247106,0.00607677,0.714138287,1.5,"Americas"
"10.1111/j.1365-2486.2008.01672.x",2001,-19.5,-42.5,"240",22.7,1168,5.33,"Agropyron cristatum",0.25,4,4,2.11335,2.69005,0.209669402,0.246360931,0.241285415,0.004557578,0.214382632,2,"Americas"
"10.1111/j.1365-2486.2008.01672.x",2001,-2.417,-60,"110",26.3,2111,3.77,"Agropyron cristatum",0.25,4,4,2.69005,3.11345,0.266884887,0.285136872,0.146171655,0.004557578,0.135990621,2,"Americas"
"10.1111/j.1365-2486.2008.01672.x",2001,21.683,101.417,"960",20.5,1322,4.8,"Agropyron cristatum",0.25,4,4,3.0587,3.00395,0.303459342,0.275108611,-0.0180619,0.004557578,-0.018226002,2,"Asia"
"10.1111/j.1365-2486.2008.01672.x",2001,-0.25,34.833,"1140",20.7,1856,6.23,"Agropyron cristatum",0.25,4,4,0.52195,1.3724,0.051783635,0.125687531,0.966744513,0.004557578,0.619680851,2,"Africa"
"10.1111/j.1365-2486.2008.01672.x",2001,5.783,116.4,"1120",22.8,2607,5.14,"Agropyron cristatum",0.25,4,4,2.7448,2.25935,0.272316737,0.20691644,-0.194631051,0.004557578,-0.214862682,2,"Asia"
"10.1111/j.1365-2486.2008.01672.x",2001,11.333,-4.25,"350",27.1,957,6.23,"Agropyron cristatum",0.25,4,4,3.25215,2.0513,0.322651878,0.187862745,-0.460842578,0.004557578,-0.585409253,2,"Africa"
"10.1111/j.1365-2486.2008.01672.x",2001,4.617,-74.3,"2640",14.7,1175,4.65,"Agropyron cristatum",1,4,4,2.12065,2.47835,0.210393649,0.226972961,0.155870371,0.004557578,0.144329897,2,"Americas"
"10.17521/cjpe.2006.0101",2000,21.683,101.417,"750",22,1556,5.53,"Mixture",1,5,5,0.478,1.884,0.346,0.213,1.371541723,0.107347975,0.746284501,2.5,"Asia"
"10.17521/cjpe.2006.0101",2000,21.683,101.417,"650",22,1556,4.43,"Mixture",1,5,5,0.582,2.437,0.179,0.364,1.432052606,0.023380567,0.761181781,2.5,"Asia"
"10.1007/s00442-005-0117-1",2001,-2.5,-60,"120",26.9,2295,3.77,"Mixture",0.33,3,3,0.925843559,1.820074299,0.128963461,0.086285485,0.675927325,0.007216669,0.491315514,1.5,"Americas"
"10.1016/j.pedobi.2005.07.001",2002,22.467,120.85,"250",22.1,3808.8,6.11,"Mixture",1,3,3,0.55,1.2,0.121243557,0.121243557,0.780158558,0.019601125,0.541666667,1.5,"Asia"
"10.1016/j.pedobi.2005.07.001",2002,22.467,120.85,"250",22.1,3808.8,5.58,"Mixture",1,3,3,0.65,1.25,0.069282032,0.121243557,0.653926467,0.006922982,0.48,1.5,"Asia"
"10.1016/j.pedobi.2005.07.001",2002,22.467,120.85,"250",22.1,3808.8,4.74,"Mixture",1,3,3,0.75,1.54,0.069282032,0.103923048,0.719464489,0.004362407,0.512987013,1.5,"Asia"
"10.1016/j.pedobi.2005.07.001",2002,22.467,120.85,"250",22.1,3808.8,4.74,"Mixture",1,3,3,0.71,1.33,0.06,0.11,0.627669251,0.004660616,0.466165414,1.5,"Asia"
"10.1023/B:FRES.0000035196.19804.13",1998,-3.133,-59.867,"44",28,2545,NA,"Vismia guianensis",0.16,3,3,0.80463097,3.120115774,0.079828942,0.285747339,1.355241637,0.00607677,0.742115028,1.5,"Americas"
"10.1590/s1519-69842004000100008",1998,-2.883,-59.983,"87",27.2,2107,3.77,"Vismia guianensis",0.96,3,3,0.730185166,1.719617696,0.072443035,0.157486521,0.856559121,0.00607677,0.57537936,1.5,"Americas"
"10.1590/s1519-69842004000100008",1998,-2.883,-59.983,"87",27.2,2107,3.77,"Vismia guianensis",0.96,3,3,0.756724796,1.719617696,0.075076081,0.157486521,0.820857634,0.00607677,0.559945913,1.5,"Americas"
"10.1016/S0929-1393(03)00069-6",1994,18.167,-94.7,"150",24,4700,5,"Ficus yoponensis",0.14,5,5,9.088021609,14.62650245,0.636387389,1.053361853,0.47587788,0.002017996,0.378660644,2.5,"Americas"
"10.1016/S0929-1393(03)00069-6",1994,18.167,-94.7,"150",24,4700,5,"Nectandra ambigens",0.14,5,5,0.756226839,1.11644996,0.231339434,0.446880276,0.389567869,0.050759572,0.322650485,2.5,"Americas"
"10.1016/S0929-1393(03)00069-6",1994,18.167,-94.7,"150",24,4700,5,"Ficus yoponensis",0.14,5,5,7.936572767,13.55514404,1.557999196,0.976205466,0.535284569,0.008744532,0.414497349,2.5,"Americas"
"10.1016/S0929-1393(03)00069-6",1994,18.167,-94.7,"150",24,4700,5,"Nectandra ambigens",0.14,5,5,1.246061641,1.362233313,0.812890002,0.85349781,0.089137605,0.163627885,0.085280305,2.5,"Americas"
"10.1111/j.1744-7429.2002.tb00547.x",1991,3.367,-61.433,"110",30.6,1840,4.37,"Ecclinusa guianensis",0.485,3,3,0.816279705,1.147907887,0.000765173,0.297771738,0.340939264,0.022430414,0.288897904,1.5,"Americas"
"10.1111/j.1744-7429.2002.tb00547.x",1991,3.367,-61.433,"110",30.6,1840,4.37,"Ecclinusa guianensis",0.485,3,3,0.816279705,1.736459298,0.001523049,0.125055186,0.754846361,0.001729993,0.529917168,1.5,"Americas"
"10.1111/j.1744-7429.2002.tb00547.x",1991,3.367,-61.433,"110",30.6,1840,4.37,"Ecclinusa guianensis",0.485,3,3,0.816279705,1.147907887,0.000765314,0.291602483,0.340939264,0.021510624,0.288897904,1.5,"Americas"
"10.1111/j.1744-7429.2002.tb00547.x",1991,3.367,-61.433,"110",30.6,1840,4.37,"Peltogyne ",1.096,3,3,0.732067949,0.941533681,0.139330845,0.012611551,0.251636785,0.012134343,0.222472904,1.5,"Americas"
"10.1111/j.1744-7429.2002.tb00547.x",1991,3.367,-61.433,"110",30.6,1840,4.37,"Peltogyne ",1.096,3,3,0.788357702,1.282515807,0.001069218,0.177178055,0.486626979,0.006362313,0.385303715,1.5,"Americas"
"10.1890/0012-9658(2001)082[0955:SFAPLD]2.0.CO;2",1997,17.95,-65.867,"160",25.1,860,NA,"Cecropia scheberiana",1.5,4,4,0.483,0.493,0.06,0.06,0.02049252,0.007560833,0.020283976,2,"Americas"
"10.1890/0012-9658(2001)082[0955:SFAPLD]2.0.CO;2",1997,18.333,-65.817,"420",22.3,3524,5.1,"Cecropia scheberiana",1.5,4,4,0.642,1.986,0.3,0.44,1.129289541,0.066861116,0.67673716,2,"Americas"
"10.1890/0012-9658(2001)082[0955:SFAPLD]2.0.CO;2",1997,17.95,-65.867,"160",25.1,860,NA,"Cecropia scheberiana",1.5,4,4,0.171,0.226,0.08,0.1,0.278871443,0.103664359,0.243362832,2,"Americas"
"10.1890/0012-9658(2001)082[0955:SFAPLD]2.0.CO;2",1997,18.333,-65.817,"420",22.3,3524,5.1,"Cecropia scheberiana",1.5,4,4,0.305,1.465,0.1,0.64,1.569298745,0.074586176,0.791808874,2,"Americas"
"10.1890/0012-9658(1999)080[1873:SMCTDD]2.0.CO;2",1995,18.333,-65.817,"450",22.6,3456,5.1,"Quercus prinus",0.684931507,3,3,1.369864847,2.056023919,0.181497541,0.019879778,0.406061898,0.005882631,0.333731075,1.5,"Americas"
"10.1890/0012-9658(1999)080[1873:SMCTDD]2.0.CO;2",1995,10.433,-83.983,"81",25.8,4000,4.9,"Quercus prinus",0.769863014,3,3,1.049696452,1.344179173,0.130981752,0.012055812,0.247282517,0.00521688,0.219079961,1.5,"Americas"
"10.1016/S0929-1393(98)00050-X",1994,18.333,-65.817,"450",22.6,3456,5.1,"Drypetes glauca",0.684931507,3,3,1.972720281,2.456272094,0.265282321,0.228398425,0.219231348,0.008909996,0.196864107,1.5,"Americas"
"10.1016/S0929-1393(98)00050-X",1995,10.433,-83.983,"81",25.8,4000,4.9,"Cedrela odorata ",0.769863014,3,3,0.34865955,0.595375014,0.091636352,0.235474067,0.535095538,0.075167135,0.414386661,1.5,"Americas"
"10.13292/j .1000-4890.2005.0111",2002,23.017,112.533,"300",20.9,1900,NA,"Mixture",1,3,3,0.314710745,0.858021824,0.027028549,0.095111127,1.002975588,0.006554531,0.633213589,1.5,"Asia"
"10.1016/S0929-1393(03)00069-6",1994,18.467,95.083,"150",24,4700,5.15,"Ficus yoponensis",0.14,10,10,9.112846706,14.32179089,0.979294182,1.031417336,0.452097072,0.00167348,0.363707599,5,"Asia"
"10.1016/S0929-1393(03)00069-6",1994,18.467,95.083,"150",24,4700,5.15,"Nectandra ambigens",0.14,10,10,0.820017197,1.079786083,0.454062402,0.364083484,0.275192917,0.04203003,0.240574397,5,"Asia"
"10.1098/rspb.2014.1682",2010,5.3,-52.883,"29",25.7,3041,4.4,"Carapa procera",0.43,5,5,0.9,0.84,0.135652197,0.174844069,-0.068992871,0.013208678,-0.071428571,2.5,"Americas"
"10.1098/rspb.2014.1682",2010,5.3,-52.883,"29",25.7,3041,4.4,"Goupia glabra",0.43,5,5,1.07,3.21,0.076929635,1.886512539,1.098612289,0.070111763,0.666666667,2.5,"Americas"
"10.1098/rspb.2014.1682",2010,5.3,-52.883,"29",25.7,3041,4.4,"Hymenaea courbaril",0.43,5,5,1.08,0.95,0.239025559,0.324058112,-0.128254336,0.03306823,-0.136842105,2.5,"Americas"
"10.1098/rspb.2014.1682",2010,5.3,-52.883,"29",25.7,3041,4.4,"Platonia insignis",0.43,5,5,0.89,2.19,0.100469834,1.355595527,0.90043536,0.079179279,0.593607306,2.5,"Americas"
"10.1098/rspb.2014.1682",2010,5.3,-52.883,"29",25.7,3041,4.4,"Simarouba amara",0.43,5,5,0.8,1.05,0.128626228,0.375340925,0.271933715,0.03072683,0.238095238,2.5,"Americas"
"10.1098/rspb.2014.1682",2010,5.3,-52.883,"29",25.7,3041,4.4,"Vochysia tomentosa",0.43,5,5,0.62,1.32,0.088018531,0.566709977,0.755667538,0.040894952,0.53030303,2.5,"Americas"
"10.1098/rspb.2014.1682",2010,5.3,-52.883,"29",25.7,3041,4.4,"Mixture",0.43,5,5,1.13,1.21,0.280605239,0.23281694,0.068402727,0.019737259,0.066115702,2.5,"Americas"
"10.1098/rspb.2014.1682",2010,5.3,-52.883,"29",25.7,3041,4.4,"Mixture",0.43,5,5,0.9,1,0.100465025,0.324193661,0.105360516,0.023512459,0.1,2.5,"Americas"
"10.1098/rspb.2014.1682",2010,5.3,-52.883,"29",25.7,3041,4.4,"Mixture",0.43,5,5,1.08,2.01,0.175025526,0.683498052,0.621173681,0.028379367,0.462686567,2.5,"Americas"
"10.1098/rspb.2014.1682",2010,5.3,-52.883,"29",25.7,3041,4.4,"Mixture",0.43,5,5,1,1.92,0.101090771,0.732257951,0.652325186,0.031134673,0.479166667,2.5,"Americas"
"10.1098/rspb.2014.1682",2010,5.3,-52.883,"29",25.7,3041,4.4,"Mixture",0.43,5,5,1.19,1.88,0.239194964,0.343855004,0.45731847,0.014771134,0.367021277,2.5,"Americas"
"10.1098/rspb.2014.1682",2010,5.3,-52.883,"29",25.7,3041,4.4,"Mixture",0.43,5,5,0.87,1.86,0.035581314,1.129108964,0.759838555,0.074035944,0.532258065,2.5,"Americas"
"10.1098/rspb.2014.1682",2010,5.3,-52.883,"29",25.7,3041,4.4,"Mixture",0.43,5,5,0.87,1.04,0.20451383,0.15183042,0.17848278,0.01531456,0.163461538,2.5,"Americas"
"10.1098/rspb.2014.1682",2010,5.3,-52.883,"29",25.7,3041,4.4,"Mixture",0.43,5,5,0.74,2.02,0.192248442,0.532736476,1.004202604,0.027409509,0.633663366,2.5,"Americas"
"10.1098/rspb.2014.1682",2010,5.3,-52.883,"29",25.7,3041,4.4,"Mixture",0.43,5,5,1.2,1.79,0.09480628,0.314856172,0.399894063,0.007436338,0.329608939,2.5,"Americas"
"10.1098/rspb.2014.1682",2010,5.3,-52.883,"29",25.7,3041,4.4,"Mixture",0.43,5,5,1.27,2.71,0.154025421,0.739780479,0.757931734,0.017845565,0.531365314,2.5,"Americas"
"10.1098/rspb.2014.1682",2010,5.3,-52.883,"29",25.7,3041,4.4,"Mixture",0.43,5,5,1.04,2.11,0.048461081,0.599018303,0.707467234,0.016553526,0.507109005,2.5,"Americas"
"10.1098/rspb.2014.1682",2010,5.3,-52.883,"29",25.7,3041,4.4,"Mixture",0.43,5,5,0.94,1.78,0.154021904,0.449784721,0.638488768,0.018139817,0.471910112,2.5,"Americas"
"10.1098/rspb.2014.1682",2010,5.3,-52.883,"29",25.7,3041,4.4,"Mixture",0.43,5,5,1.01,1.75,0.108831726,0.398189577,0.549665457,0.012676801,0.422857143,2.5,"Americas"
"10.1098/rspb.2014.1682",2010,5.3,-52.883,"29",25.7,3041,4.4,"Mixture",0.43,5,5,0.96,2.23,0.137671437,0.663114272,0.84282358,0.021797829,0.569506726,2.5,"Americas"
"10.1093/femsec/fiaa045",2015,5.0619,-53.0461,"80",27,3000,NA,"Goupia glabra",0.614,3,3,0.540358744,0.525784753,0.058295964,0.067264574,-0.027341346,0.009335152,-0.02771855,1.5,"Americas"
"10.1093/femsec/fiaa045",2015,5.0619,-53.0461,"80",27,3000,NA,"Platonia insignis",0.614,3,3,0.6367713,0.623318386,0.080717489,0.058295964,-0.021353123,0.008271733,-0.021582733,1.5,"Americas"
"10.1017/S026646740000033X",1983,22.264,114.187,"#VALUE!",18,1915,NA,"Ficus fistulosa",1,4,4,0.422728176,1.919370594,0.155689289,0.138227972,1.513023233,0.035207194,0.779756876,2,"Asia"
"10.1017/S026646740000033X",1983,22.264,114.187,"#VALUE!",18,1915,NA,"Ficus fistulosa",1,4,4,0.373756681,1.06316554,0.115753928,0.076566358,1.045401095,0.025275762,0.648449214,2,"Asia"
"10.1017/S026646740000033X",1983,22.264,114.187,"#VALUE!",18,3157,NA,"Ficus fistulosa",1,4,4,0.684451474,1.347745691,0.161322931,0.097061065,0.677570868,0.015184854,0.492150872,2,"Asia"
"10.1017/S026646740000033X",1983,22.264,114.187,"#VALUE!",18,3157,NA,"Ficus fistulosa",1,4,4,0.72461045,1.450243086,0.071889957,0.132816579,0.693852267,0.004557578,0.500352419,2,"Asia"
"10.1007/s00442-007-0710-6",2004,9.15,-80.15,"61",26.5,2700,NA,"Cellulose",0.167,3,3,16.96534937,26.06610238,1.683164012,2.387193271,0.429462719,0.00607677,0.349141305,1.5,"Americas"
"10.1017/S0266467409990150",2007,-13.0765,-52.3858,"372",25.1,1500,NA,"Mixture",0.66,10,10,0.582033846,0.630756743,0.168439498,0.094804491,0.080391677,0.010634219,0.077245146,5,"Americas"
"10.7717/peerj.14264",2009,-4.115,-78.9672,"1000",14.9,2200,NA,"Mixture",0.5,3,3,0.730566637,0.593849308,0.130691705,0.106219078,-0.207194851,0.021331589,-0.230222259,1.5,"Americas"
"10.7717/peerj.14264",2009,-3.971667,-79.079167,"2000",12.3,3500,NA,"Mixture",0.5,3,3,0.727686867,0.632437461,0.341519982,0.093744524,-0.140289488,0.080745054,-0.150606838,1.5,"Americas"
"10.7717/peerj.14264",2009,-4.2975,-79.182778,"3000",8.9,4500,NA,"Mixture",0.5,3,3,0.481596973,0.515987657,0.259838272,0.06201208,0.068975236,0.101847076,0.066650207,1.5,"Americas"
"10.7717/peerj.14264",2009,-4.115,-78.9672,"1000",14.9,2200,NA,"Mixture",0.5,3,3,0.776746204,0.688955976,0.0892639,0.065841771,-0.119936288,0.007446604,-0.127425019,1.5,"Americas"
"10.7717/peerj.14264",2009,-3.971667,-79.079167,"2000",12.3,3500,NA,"Mixture",0.5,3,3,0.688955976,0.796287939,0.121387865,0.05162194,0.144783479,0.01174866,0.134790391,1.5,"Americas"
"10.7717/peerj.14264",2009,-4.2975,-79.182778,"3000",8.9,4500,NA,"Mixture",0.5,3,3,0.371788582,0.412942998,0.074254826,0.019661744,0.104984199,0.014052148,0.099661252,1.5,"Americas"
"10.1002/ecs2.4084",2015,18.3308,-65.8232,"608",22,3500,NA,"Mixture",0.46,9,9,2.82612142,3.725169938,0.280384787,0.341159583,0.276207223,0.00202559,0.241344296,4.5,"Americas"
"10.1111/1365-2745.13960",2017,21.9,101.7667,"970",21.8,1500,NA,"Antiaris toxicaria",0.916666667,5,5,1.848,2.34,0.183343533,0.214302552,0.236046956,0.003646062,0.21025641,2.5,"Asia"
"10.1111/1365-2745.13960",2017,21.9,101.7667,"970",21.8,1500,NA,"Baccaurea ramiflora",0.916666667,5,5,0.708,2.592,0.070242003,0.237381288,1.297740964,0.003646062,0.726851852,2.5,"Asia"
"10.1111/1365-2745.13960",2017,21.9,101.7667,"970",21.8,1500,NA,"Barringtonia macrostachya",0.916666667,5,5,2.196,4.2,0.217869263,0.384645606,0.648447002,0.003646062,0.477142857,2.5,"Asia"
"10.1111/1365-2745.13960",2017,21.9,101.7667,"970",21.8,1500,NA,"Bauhinia aurea",0.916666667,5,5,0.864,3.396,0.085719054,0.311013447,1.368780779,0.003646062,0.745583039,2.5,"Asia"
"10.1111/1365-2745.13960",2017,21.9,101.7667,"970",21.8,1500,NA,"Bridelia stipularis",0.916666667,5,5,1.26,2.364,0.125006954,0.216500527,0.629243379,0.003646062,0.467005076,2.5,"Asia"
"10.1111/1365-2745.13960",2017,21.9,101.7667,"970",21.8,1500,NA,"Byttneria aspera",0.916666667,5,5,1.188,4.824,0.1178637,0.441792953,1.401332238,0.003646062,0.753731343,2.5,"Asia"
"10.1111/1365-2745.13960",2017,21.9,101.7667,"970",21.8,1500,NA,"Castanopsis echinocarpa",0.916666667,5,5,1.056,2.028,0.104767733,0.185728878,0.6525619,0.003646062,0.479289941,2.5,"Asia"
"10.1111/1365-2745.13960",2017,21.9,101.7667,"970",21.8,1500,NA,"Castanopsis fleuryi",0.916666667,5,5,1.332,2.484,0.132150209,0.227490401,0.623188592,0.003646062,0.463768116,2.5,"Asia"
"10.1111/1365-2745.13960",2017,21.9,101.7667,"970",21.8,1500,NA,"Castanopsis mekongensis",0.916666667,5,5,1.032,2.808,0.102386648,0.257163062,1.000973819,0.003646062,0.632478632,2.5,"Asia"
"10.1111/1365-2745.13960",2017,21.9,101.7667,"970",21.8,1500,NA,"Celastrus spec.",0.916666667,5,5,1.944,6.024,0.192867872,0.551691697,1.131003784,0.003646062,0.677290837,2.5,"Asia"
"10.1111/1365-2745.13960",2017,21.9,101.7667,"970",21.8,1500,NA,"Celastrus paniculatus",0.916666667,5,5,1.62,8.7,0.160723227,0.796765898,1.680896876,0.003646062,0.813793103,2.5,"Asia"
"10.1111/1365-2745.13960",2017,21.9,101.7667,"970",21.8,1500,NA,"Celtis philippensis",0.916666667,5,5,1.74,3.06,0.172628651,0.280241798,0.564529803,0.003646062,0.431372549,2.5,"Asia"
"10.1111/1365-2745.13960",2017,21.9,101.7667,"970",21.8,1500,NA,"Cinnamomum bejolghota",0.916666667,5,5,1.272,1.896,0.126197497,0.173640016,0.399155939,0.003646062,0.329113924,2.5,"Asia"
"10.1111/1365-2745.13960",2017,21.9,101.7667,"970",21.8,1500,NA,"Cleistanthus sumatranus",0.916666667,5,5,0.9,1.92,0.089290682,0.175837991,0.757685702,0.003646062,0.53125,2.5,"Asia"
"10.1111/1365-2745.13960",2017,21.9,101.7667,"970",21.8,1500,NA,"Combretum latifolium",0.916666667,5,5,2.7,5.628,0.267872045,0.515425112,0.734502366,0.003646062,0.520255864,2.5,"Asia"
"10.1111/1365-2745.13960",2017,21.9,101.7667,"970",21.8,1500,NA,"Craspedolobium unijugum",0.916666667,5,5,0.828,3.912,0.082147427,0.358269907,1.552790877,0.003646062,0.788343558,2.5,"Asia"
"10.1111/1365-2745.13960",2017,21.9,101.7667,"970",21.8,1500,NA,"Cratoxylum cochinchinense",0.916666667,5,5,0.792,4.008,0.0785758,0.367061807,1.621486251,0.003646062,0.80239521,2.5,"Asia"
"10.1111/1365-2745.13960",2017,21.9,101.7667,"970",21.8,1500,NA,"Dalbergia stipulacea",0.916666667,5,5,1.02,6.384,0.101196106,0.584661321,1.833992233,0.003646062,0.840225564,2.5,"Asia"
"10.1111/1365-2745.13960",2017,21.9,101.7667,"970",21.8,1500,NA,"Gmelina arborea",0.916666667,5,5,1.728,6.984,0.171438109,0.639610693,1.396657148,0.003646062,0.75257732,2.5,"Asia"
"10.1111/1365-2745.13960",2017,21.9,101.7667,"970",21.8,1500,NA,"Gnetum montanum",0.916666667,5,5,1.212,5.016,0.120244785,0.459376752,1.420360916,0.003646062,0.758373206,2.5,"Asia"
"10.1111/1365-2745.13960",2017,21.9,101.7667,"970",21.8,1500,NA,"Harpullia cupanoides",0.916666667,5,5,3.192,5.676,0.316684284,0.519821061,0.57559908,0.003646062,0.437632135,2.5,"Asia"
"10.1111/1365-2745.13960",2017,21.9,101.7667,"970",21.8,1500,NA,"Hodgsonia macrocarpa",0.916666667,5,5,2.46,6.732,0.244061197,0.616531957,1.006710926,0.003646062,0.634581105,2.5,"Asia"
"10.1111/1365-2745.13960",2017,21.9,101.7667,"970",21.8,1500,NA,"Lasiococca comberi",0.916666667,5,5,0.996,1.5,0.098815021,0.137373431,0.40947313,0.003646062,0.336,2.5,"Asia"
"10.1111/1365-2745.13960",2017,21.9,101.7667,"970",21.8,1500,NA,"Millettia leptobotrya",0.916666667,5,5,1.104,1.572,0.109529903,0.143967355,0.353408746,0.003646062,0.297709924,2.5,"Asia"
"10.1111/1365-2745.13960",2017,21.9,101.7667,"970",21.8,1500,NA,"Millettia pachycarpa",0.916666667,5,5,1.5,2.508,0.148817803,0.229688376,0.514020515,0.003646062,0.401913876,2.5,"Asia"
"10.1111/1365-2745.13960",2017,21.9,101.7667,"970",21.8,1500,NA,"Polyalthia simiarum",0.916666667,5,5,1.248,4.032,0.123816412,0.369259781,1.172720261,0.003646062,0.69047619,2.5,"Asia"
"10.1111/1365-2745.13960",2017,21.9,101.7667,"970",21.8,1500,NA,"Allophylus cobbe",0.916666667,5,5,0.96,2.292,0.095243394,0.209906602,0.870246793,0.003646062,0.581151832,2.5,"Asia"
"10.1111/1365-2745.13960",2017,21.9,101.7667,"970",21.8,1500,NA,"Pristimera arborea",0.916666667,5,5,5.064,9.024,0.502408902,0.826438559,0.57773101,0.003646062,0.438829787,2.5,"Asia"
"10.1111/1365-2745.13960",2017,21.9,101.7667,"970",21.8,1500,NA,"Combretum griffithii",0.916666667,5,5,3.036,5.244,0.301207233,0.480257513,0.546543706,0.003646062,0.421052632,2.5,"Asia"
"10.1111/1365-2745.13960",2017,21.9,101.7667,"970",21.8,1500,NA,"Schima wallichii",0.916666667,5,5,1.128,2.64,0.111910988,0.241777238,0.850332764,0.003646062,0.572727273,2.5,"Asia"
"10.1111/1365-2745.13960",2017,21.9,101.7667,"970",21.8,1500,NA,"Semecarpus reticulata",0.916666667,5,5,0.96,2.04,0.095243394,0.186827866,0.753771802,0.003646062,0.529411765,2.5,"Asia"
"10.1111/1365-2745.13960",2017,21.9,101.7667,"970",21.8,1500,NA,"Smilax hypoglauca",0.916666667,5,5,1.152,2.508,0.114292073,0.229688376,0.77798606,0.003646062,0.540669856,2.5,"Asia"
"10.1111/1365-2745.13960",2017,21.9,101.7667,"970",21.8,1500,NA,"Spatholobus pulcher",0.916666667,5,5,1.008,2.196,0.100005564,0.201114702,0.778669354,0.003646062,0.540983607,2.5,"Asia"
"10.1111/1365-2745.13960",2017,21.9,101.7667,"970",21.8,1500,NA,"Terminalia myriocarpa",0.916666667,5,5,2.052,6.6,0.203582754,0.604443095,1.168254722,0.003646062,0.689090909,2.5,"Asia"
"10.1111/1365-2745.13960",2017,21.9,101.7667,"970",21.8,1500,NA,"Tetrameles nudiflorum",0.916666667,5,5,1.908,2.952,0.189296245,0.270350911,0.436427334,0.003646062,0.353658537,2.5,"Asia"
"10.1111/1365-2745.13960",2017,21.9,101.7667,"970",21.8,1500,NA,"Tetrastigma spec",0.916666667,5,5,0.816,2.448,0.080956885,0.224193439,1.098612289,0.003646062,0.666666667,2.5,"Asia"
"10.1111/1365-2745.13960",2017,21.9,101.7667,"970",21.8,1500,NA,"Tetrastigma obovata",0.916666667,5,5,3.036,3.792,0.301207233,0.347280033,0.222352725,0.003646062,0.199367089,2.5,"Asia"
"10.1111/1365-2745.13960",2017,21.9,101.7667,"970",21.8,1500,NA,"Tinomiscium petiolare",0.916666667,5,5,1.476,3.276,0.146436718,0.300023572,0.79728744,0.003646062,0.549450549,2.5,"Asia"
"10.1111/1365-2745.13960",2017,21.9,101.7667,"970",21.8,1500,NA,"Urceola tournieri",0.916666667,5,5,1.836,5.4,0.182152991,0.49454435,1.078809661,0.003646062,0.66,2.5,"Asia"
"10.1111/1365-2745.13960",2017,21.9,101.7667,"970",21.8,1500,NA,"Ventilago denticulata",0.916666667,5,5,2.892,2.868,0.286920724,0.262657999,-0.008333382,0.003646062,-0.008368201,2.5,"Asia"
"10.1073/pnas.2313334121",2018,22.167,106.833,"550",22.3,1300,3.91,"mixture",0.959,3,3,0.77626744,0.844297181,0.070853346,0.112343448,0.084007443,0.008678793,0.080575587,1.5,"Asia"
"10.1073/pnas.2313334121",2018,22.167,106.833,"550",22.3,1300,3.91,"mixture",0.959,3,3,0.77626744,1.483793895,0.070853346,0.286255834,0.647860429,0.015183248,0.476836074,1.5,"Asia"
"10.1073/pnas.2313334121",2018,22.167,106.833,"550",22.3,1300,3.91,"mixture",0.959,3,3,0.818834692,0.811996944,0.113845761,0.067643417,-0.008385646,0.008756715,-0.008420904,1.5,"Asia"
"10.1073/pnas.2313334121",2018,22.167,106.833,"550",22.3,1300,3.91,"mixture",0.959,3,3,0.818834692,1.505655343,0.113845761,0.173687016,0.609101304,0.010879174,0.456160604,1.5,"Asia"
"10.1073/pnas.2313334121",2018,22.167,106.833,"550",22.3,1300,3.91,"mixture",0.959,3,3,0.960691631,0.899635,0.165269614,0.082232786,-0.065664349,0.012650062,-0.067868225,1.5,"Asia"
"10.1073/pnas.2313334121",2018,22.167,106.833,"550",22.3,1300,3.91,"mixture",0.959,3,3,0.960691631,1.704646215,0.165269614,0.245010144,0.573459396,0.016751172,0.436427557,1.5,"Asia"
"10.1073/pnas.2313334121",2018,22.167,106.833,"550",22.3,1300,3.91,"mixture",0.959,3,3,0.976531219,0.934815542,0.096883487,0.085612545,-0.043657492,0.00607677,-0.044624501,1.5,"Asia"
"10.1073/pnas.2313334121",2018,22.167,106.833,"550",22.3,1300,3.91,"mixture",0.959,3,3,0.976531219,1.841597208,0.096883487,0.168657684,0.634381802,0.00607677,0.469736805,1.5,"Asia"
"10.1073/pnas.2313334121",2018,21.917,101.283,"568",22.5,1427.5,5.09,"mixture",0.696,5,5,1.844450823,2.716200348,0.182991413,0.24875584,0.387052397,0.003646062,0.320944486,2.5,"Asia"
"10.1073/pnas.2313334121",2018,21.917,101.283,"568",22.5,1427.5,5.09,"mixture",0.696,5,5,1.844450823,4.01850778,0.182991413,0.368024133,0.778729058,0.003646062,0.541011011,2.5,"Asia"
"10.1073/pnas.2313334121",2018,21.917,101.283,"568",22.5,1427.5,5.09,"mixture",0.696,5,5,1.865349833,2.745033053,0.185064842,0.251396405,0.386344503,0.003646062,0.320463617,2.5,"Asia"
"10.1073/pnas.2313334121",2018,21.917,101.283,"568",22.5,1427.5,5.09,"mixture",0.696,5,5,1.865349833,4.066404935,0.185064842,0.372410664,0.779310687,0.003646062,0.541277895,2.5,"Asia"
"10.1073/pnas.2313334121",2018,21.917,101.283,"568",22.5,1427.5,5.09,"mixture",0.696,5,5,1.968995707,2.67863529,0.195347743,0.245315546,0.307783825,0.003646062,0.264925795,2.5,"Asia"
"10.1073/pnas.2313334121",2018,21.917,101.283,"568",22.5,1427.5,5.09,"mixture",0.696,5,5,1.968995707,4.554720777,0.195347743,0.417131746,0.838640609,0.003646062,0.567702214,2.5,"Asia"
"10.1073/pnas.2313334121",2018,21.917,101.283,"568",22.5,1427.5,5.09,"mixture",0.696,5,5,2.038530967,3.145483344,0.253134126,0.288070559,0.433738131,0.004761338,0.351918054,2.5,"Asia"
"10.1073/pnas.2313334121",2018,21.917,101.283,"568",22.5,1427.5,5.09,"mixture",0.696,5,5,2.038530967,6.03405902,0.253134126,0,1.085190488,0.003083875,0.662162574,2.5,"Asia"
